NAME,ID,RFID
Sam McMan,123456,250 43 189 59
Kyle Addy,987456,171 171 189 59
Taylor Perry,111111,160 77 189 59
Kerry Harry,222222,152 69 189 59
Steave Man,333333,211 138 189 59
Harvey Dent,444444,71 143 189 59
Paul Blart,555555,114 77 189 59
Jakiro Lina,666666,223 197 189 59
Hot Cakes,777777,143 173 189 59
Wubby Dennis,888888,80 207 189 59
her dur,157195,43 212 189 59
a b,100000,111 11 111 11
b c,100001,112 11 111 11
c d ,100002,113 11 111 11
d e,100003,114 11 111 11
a b,100004,115 11 111 11
b c,100005,116 11 111 11
c d ,100006,117 11 111 11
d e,100007,118 11 111 11
a b,100008,119 11 111 11
b c,100009,120 11 111 11
c d ,100010,121 11 111 11
d e,100011,122 11 111 11
a b,100012,123 11 111 11
b c,100013,124 11 111 11
c d ,100014,125 11 111 11
d e,100015,126 11 111 11
a b,100016,127 11 111 11
b c,100017,128 11 111 11
c d ,100018,129 11 111 11
d e,100019,130 11 111 11
a b,100020,131 11 111 11
b c,100021,132 11 111 11
c d ,100022,133 11 111 11
d e,100023,134 11 111 11
a b,100024,135 11 111 11
b c,100025,136 11 111 11
c d ,100026,137 11 111 11
d e,100027,138 11 111 11
a b,100028,139 11 111 11
b c,100029,140 11 111 11
c d ,100030,141 11 111 11
d e,100031,142 11 111 11
a b,100032,143 11 111 11
b c,100033,144 11 111 11
c d ,100034,145 11 111 11
d e,100035,146 11 111 11
a b,100036,147 11 111 11
b c,100037,148 11 111 11
c d ,100038,149 11 111 11
d e,100039,150 11 111 11
a b,100040,151 11 111 11
b c,100041,152 11 111 11
c d ,100042,153 11 111 11
d e,100043,154 11 111 11
a b,100044,155 11 111 11
b c,100045,156 11 111 11
c d ,100046,157 11 111 11
d e,100047,158 11 111 11
a b,100048,159 11 111 11
b c,100049,160 11 111 11
c d ,100050,161 11 111 11
d e,100051,162 11 111 11
a b,100052,163 11 111 11
b c,100053,164 11 111 11
c d ,100054,165 11 111 11
d e,100055,166 11 111 11
a b,100056,167 11 111 11
b c,100057,168 11 111 11
c d ,100058,169 11 111 11
d e,100059,170 11 111 11
a b,100060,171 11 111 11
b c,100061,172 11 111 11
c d ,100062,173 11 111 11
d e,100063,174 11 111 11
a b,100064,175 11 111 11
b c,100065,176 11 111 11
c d ,100066,177 11 111 11
d e,100067,178 11 111 11
a b,100068,179 11 111 11
b c,100069,180 11 111 11
c d ,100070,181 11 111 11
d e,100071,182 11 111 11
a b,100072,183 11 111 11
b c,100073,184 11 111 11
c d ,100074,185 11 111 11
d e,100075,186 11 111 11
a b,100076,187 11 111 11
b c,100077,188 11 111 11
c d ,100078,189 11 111 11
d e,100079,190 11 111 11
a b,100080,191 11 111 11
b c,100081,192 11 111 11
c d ,100082,193 11 111 11
d e,100083,194 11 111 11
a b,100084,195 11 111 11
b c,100085,196 11 111 11
c d ,100086,197 11 111 11
d e,100087,198 11 111 11
a b,100088,199 11 111 11
b c,100089,200 11 111 11
c d ,100090,201 11 111 11
d e,100091,202 11 111 11
a b,100092,203 11 111 11
b c,100093,204 11 111 11
c d ,100094,205 11 111 11
d e,100095,206 11 111 11
a b,100096,207 11 111 11
b c,100097,208 11 111 11
c d ,100098,209 11 111 11
d e,100099,210 11 111 11
a b,100100,211 11 111 11
b c,100101,212 11 111 11
c d ,100102,213 11 111 11
d e,100103,214 11 111 11
a b,100104,215 11 111 11
b c,100105,216 11 111 11
c d ,100106,217 11 111 11
d e,100107,218 11 111 11
a b,100108,219 11 111 11
b c,100109,220 11 111 11
c d ,100110,221 11 111 11
d e,100111,222 11 111 11
a b,100112,223 11 111 11
b c,100113,224 11 111 11
c d ,100114,225 11 111 11
d e,100115,226 11 111 11
a b,100116,227 11 111 11
b c,100117,228 11 111 11
c d ,100118,229 11 111 11
d e,100119,230 11 111 11
a b,100120,231 11 111 11
b c,100121,232 11 111 11
c d ,100122,233 11 111 11
d e,100123,234 11 111 11
a b,100124,235 11 111 11
b c,100125,236 11 111 11
c d ,100126,237 11 111 11
d e,100127,238 11 111 11
a b,100128,239 11 111 11
b c,100129,240 11 111 11
c d ,100130,241 11 111 11
d e,100131,242 11 111 11
a b,100132,243 11 111 11
b c,100133,244 11 111 11
c d ,100134,245 11 111 11
d e,100135,246 11 111 11
a b,100136,247 11 111 11
b c,100137,248 11 111 11
c d ,100138,249 11 111 11
d e,100139,250 11 111 11
a b,100140,251 11 111 11
b c,100141,252 11 111 11
c d ,100142,253 11 111 11
d e,100143,254 11 111 11
a b,100144,255 11 111 11
b c,100145,256 11 111 11
c d ,100146,257 11 111 11
d e,100147,258 11 111 11
a b,100148,259 11 111 11
b c,100149,260 11 111 11
c d ,100150,261 11 111 11
d e,100151,262 11 111 11
a b,100152,263 11 111 11
b c,100153,264 11 111 11
c d ,100154,265 11 111 11
d e,100155,266 11 111 11
a b,100156,267 11 111 11
b c,100157,268 11 111 11
c d ,100158,269 11 111 11
d e,100159,270 11 111 11
a b,100160,271 11 111 11
b c,100161,272 11 111 11
c d ,100162,273 11 111 11
d e,100163,274 11 111 11
a b,100164,275 11 111 11
b c,100165,276 11 111 11
c d ,100166,277 11 111 11
d e,100167,278 11 111 11
a b,100168,279 11 111 11
b c,100169,280 11 111 11
c d ,100170,281 11 111 11
d e,100171,282 11 111 11
a b,100172,283 11 111 11
b c,100173,284 11 111 11
c d ,100174,285 11 111 11
d e,100175,286 11 111 11
a b,100176,287 11 111 11
b c,100177,288 11 111 11
c d ,100178,289 11 111 11
d e,100179,290 11 111 11
a b,100180,291 11 111 11
b c,100181,292 11 111 11
c d ,100182,293 11 111 11
d e,100183,294 11 111 11
a b,100184,295 11 111 11
b c,100185,296 11 111 11
c d ,100186,297 11 111 11
d e,100187,298 11 111 11
a b,100188,299 11 111 11
b c,100189,300 11 111 11
c d ,100190,301 11 111 11
d e,100191,302 11 111 11
a b,100192,303 11 111 11
b c,100193,304 11 111 11
c d ,100194,305 11 111 11
d e,100195,306 11 111 11
a b,100196,307 11 111 11
b c,100197,308 11 111 11
c d ,100198,309 11 111 11
d e,100199,310 11 111 11
a b,100200,311 11 111 11
b c,100201,312 11 111 11
c d ,100202,313 11 111 11
d e,100203,314 11 111 11
a b,100204,315 11 111 11
b c,100205,316 11 111 11
c d ,100206,317 11 111 11
d e,100207,318 11 111 11
a b,100208,319 11 111 11
b c,100209,320 11 111 11
c d ,100210,321 11 111 11
d e,100211,322 11 111 11
a b,100212,323 11 111 11
b c,100213,324 11 111 11
c d ,100214,325 11 111 11
d e,100215,326 11 111 11
a b,100216,327 11 111 11
b c,100217,328 11 111 11
c d ,100218,329 11 111 11
d e,100219,330 11 111 11
a b,100220,331 11 111 11
b c,100221,332 11 111 11
c d ,100222,333 11 111 11
d e,100223,334 11 111 11
a b,100224,335 11 111 11
b c,100225,336 11 111 11
c d ,100226,337 11 111 11
d e,100227,338 11 111 11
a b,100228,339 11 111 11
b c,100229,340 11 111 11
c d ,100230,341 11 111 11
d e,100231,342 11 111 11
a b,100232,343 11 111 11
b c,100233,344 11 111 11
c d ,100234,345 11 111 11
d e,100235,346 11 111 11
a b,100236,347 11 111 11
b c,100237,348 11 111 11
c d ,100238,349 11 111 11
d e,100239,350 11 111 11
a b,100240,351 11 111 11
b c,100241,352 11 111 11
c d ,100242,353 11 111 11
d e,100243,354 11 111 11
a b,100244,355 11 111 11
b c,100245,356 11 111 11
c d ,100246,357 11 111 11
d e,100247,358 11 111 11
a b,100248,359 11 111 11
b c,100249,360 11 111 11
c d ,100250,361 11 111 11
d e,100251,362 11 111 11
a b,100252,363 11 111 11
b c,100253,364 11 111 11
c d ,100254,365 11 111 11
d e,100255,366 11 111 11
a b,100256,367 11 111 11
b c,100257,368 11 111 11
c d ,100258,369 11 111 11
d e,100259,370 11 111 11
a b,100260,371 11 111 11
b c,100261,372 11 111 11
c d ,100262,373 11 111 11
d e,100263,374 11 111 11
a b,100264,375 11 111 11
b c,100265,376 11 111 11
c d ,100266,377 11 111 11
d e,100267,378 11 111 11
a b,100268,379 11 111 11
b c,100269,380 11 111 11
c d ,100270,381 11 111 11
d e,100271,382 11 111 11
a b,100272,383 11 111 11
b c,100273,384 11 111 11
c d ,100274,385 11 111 11
d e,100275,386 11 111 11
a b,100276,387 11 111 11
b c,100277,388 11 111 11
c d ,100278,389 11 111 11
d e,100279,390 11 111 11
a b,100280,391 11 111 11
b c,100281,392 11 111 11
c d ,100282,393 11 111 11
d e,100283,394 11 111 11
a b,100284,395 11 111 11
b c,100285,396 11 111 11
c d ,100286,397 11 111 11
d e,100287,398 11 111 11
a b,100288,399 11 111 11
b c,100289,400 11 111 11
c d ,100290,401 11 111 11
d e,100291,402 11 111 11
a b,100292,403 11 111 11
b c,100293,404 11 111 11
c d ,100294,405 11 111 11
d e,100295,406 11 111 11
a b,100296,407 11 111 11
b c,100297,408 11 111 11
c d ,100298,409 11 111 11
d e,100299,410 11 111 11
a b,100300,411 11 111 11
b c,100301,412 11 111 11
c d ,100302,413 11 111 11
d e,100303,414 11 111 11
a b,100304,415 11 111 11
b c,100305,416 11 111 11
c d ,100306,417 11 111 11
d e,100307,418 11 111 11
a b,100308,419 11 111 11
b c,100309,420 11 111 11
c d ,100310,421 11 111 11
d e,100311,422 11 111 11
a b,100312,423 11 111 11
b c,100313,424 11 111 11
c d ,100314,425 11 111 11
d e,100315,426 11 111 11
a b,100316,427 11 111 11
b c,100317,428 11 111 11
c d ,100318,429 11 111 11
d e,100319,430 11 111 11
a b,100320,431 11 111 11
b c,100321,432 11 111 11
c d ,100322,433 11 111 11
d e,100323,434 11 111 11
a b,100324,435 11 111 11
b c,100325,436 11 111 11
c d ,100326,437 11 111 11
d e,100327,438 11 111 11
a b,100328,439 11 111 11
b c,100329,440 11 111 11
c d ,100330,441 11 111 11
d e,100331,442 11 111 11
a b,100332,443 11 111 11
b c,100333,444 11 111 11
c d ,100334,445 11 111 11
d e,100335,446 11 111 11
a b,100336,447 11 111 11
b c,100337,448 11 111 11
c d ,100338,449 11 111 11
d e,100339,450 11 111 11
a b,100340,451 11 111 11
b c,100341,452 11 111 11
c d ,100342,453 11 111 11
d e,100343,454 11 111 11
a b,100344,455 11 111 11
b c,100345,456 11 111 11
c d ,100346,457 11 111 11
d e,100347,458 11 111 11
a b,100348,459 11 111 11
b c,100349,460 11 111 11
c d ,100350,461 11 111 11
d e,100351,462 11 111 11
a b,100352,463 11 111 11
b c,100353,464 11 111 11
c d ,100354,465 11 111 11
d e,100355,466 11 111 11
a b,100356,467 11 111 11
b c,100357,468 11 111 11
c d ,100358,469 11 111 11
d e,100359,470 11 111 11
a b,100360,471 11 111 11
b c,100361,472 11 111 11
c d ,100362,473 11 111 11
d e,100363,474 11 111 11
a b,100364,475 11 111 11
b c,100365,476 11 111 11
c d ,100366,477 11 111 11
d e,100367,478 11 111 11
